resource,reason,captures
/%E2%96%BC%E2%96%B2%E2%96%BC-vagina-vangi-orthodox-2,no_200,1
/.well-known/ai-plugin.json,parked_era_only,2
/.well-known/assetlinks.json,parked_era_only,2
/.well-known/dnt-policy.txt,parked_era_only,2
/.well-known/gpc.json,parked_era_only,2
/.well-known/nodeinfo,parked_era_only,2
/.well-known/openid-configuration,parked_era_only,2
/.well-known/security.txt,parked_era_only,2
/.well-known/trust.txt,parked_era_only,2
/1551/,no_200,3
/2013,no_200,1
/VmePZ/robots.txt,no_200,2
/actually,no_200,1
/ads.txt,parked_era_only,2
/apache-warrior,no_200,3
/app-ads.txt,parked_era_only,2
/araabmuzik,no_200,1
/archive/,parked_era_only,1
/atom.xml,parked_era_only,2
/author/cas/feed/,no_200,1
/author/el-carlos/feed/,no_200,1
/author/jc/feed/,no_200,1
/beach-bum-im-go%E2%80%A0hsta-2,no_200,1
/beta-frontiers,no_200,1
/bl%C2%A7%C2%A7d-ou%E2%80%A0-%C2%A7pnnr%C2%A7,no_200,1
/bloody-knives,no_200,1
/bodyguard,no_200,1
/c-e-o-shadow-msg-mordor-mixtape,no_200,1
/category/articulos,no_200,1
/category/articulos/feed/,no_200,1
/category/entrevistas,no_200,1
/category/entrevistas/feed/,no_200,1
/category/eventos,no_200,1
/category/eventos/feed/,no_200,1
/category/mixtapes,no_200,2
/category/mixtapes/feed/,no_200,1
/category/moda,no_200,2
/category/moda/feed/,no_200,2
/category/moda/page/2,no_200,1
/category/musica,no_200,3
/category/musica/feed/,no_200,1
/category/musica/page/2,no_200,1
/category/video,no_200,4
/category/video/feed/,no_200,2
/charli-xcx-so-far-away-princes-video-remix,no_200,1
/chillwave-checklist,no_200,1
/chvrches,no_200,1
/clams-casino-im-god-instrumental,no_200,1
/corona-capitalismo,no_200,1
/dani-shivers-graves,no_200,1
/deon-al-qiyamah,no_200,1
/desert-strike-ep-stream,no_200,1
/dressed-for-space,no_200,1
/estrategias-exitosas-de-estilos-de-vida-para-el-fin-del-mundo,no_200,1
/everything-is-embarrassing-video,no_200,1
/feed.xml,parked_era_only,2
/feeds/all.atom.xml,parked_era_only,2
/fever-ray-the-wolf-2,no_200,1
/fifty-grand,no_200,1
/fifty-grand-exceptional,no_200,1
/fostercare-altered-creature,no_200,1
/fostercare-remixes-01,no_200,1
/full-of-fire,no_200,1
/gang-gang-dance-glass-jar-2,no_200,4
/geneva-jacuzzi-do-i-sad,no_200,1
/gesaffelstein-pursuit,no_200,1
/hard-as-a-motherfucker,no_200,1
/health-tears-video,no_200,1
/hmmmmmmexico,no_200,1
/i-come-with-knives,no_200,2
/index.xml,parked_era_only,2
/indian-jewelry-see-forever,no_200,1
/it-was-u-doss-remix,no_200,1
/jack-ie-lo-gimme_m%C2%A5_drug,no_200,1
/jhene-aiko-stranger-nguzunguzu-rmx,no_200,1
/kidnap-kid,no_200,1
/konnichiwa,no_200,1
/krenshaw,no_200,1
/la-fuerza-aerea,no_200,2
/la-minitk-del-miedo,no_200,1
/las-brisas,no_200,1
/lauren-devine-this-is-how-we-do-dubai,no_200,1
/le1f-wut,no_200,1
/light-asylum-lp,no_200,1
/mal001-negative-youth-mexico,no_200,1
/men-in-burka,no_200,1
/mexico-x-selma-oxor,no_200,1
/nachut-report-2,no_200,1
/naomi-elizabeth-id-hit-it,no_200,1
/nc-guest-mix-63-indian-jewelry,no_200,1
/nite-jewel-clive,no_200,1
/nys-man-of-the-year-2012-ryder-ripps,no_200,1
/occultd%CE%BBn%CF%9F%CF%83-ufo13-mix,no_200,1
/olivia-bolles,no_200,1
/page/2,no_200,2
/parallax,no_200,1
/phone-sex,no_200,2
/post/4724333774/pictureplane-mix-para-mexico,no_200,3
/pure-one-imports,no_200,2
/puro-instinct-2,no_200,3
/puro-instinct-2/trackback/,no_200,1
/rachel-haircut,no_200,1
/red-lips-elite-gymnastics-remix,no_200,1
/resena-unison-unison,no_200,2
/rikslyd-feat-house-of-drama-obsexed,no_200,1
/rikslyd-techno-club,no_200,2
/ritualz-ghetto-ass-witch,no_200,1
/ritualz-negative-youth-summer-mix,no_200,1
/ritualz-remixed,no_200,1
/rss,no_200,1
/screen-vinyl-image-2,no_200,1
/see-forever,no_200,1
/selma-oxor-lo-que-quiero-video,no_200,1
/selma-oxor-siempre-en-mi-mente,no_200,1
/sierra-city-center-diamond-club,no_200,1
/sitemap.xml,parked_era_only,2
/six-feet-deep,no_200,1
/sky-ferreira-everything-is-embarrassing,no_200,1
/solace,no_200,2
/tag/arte/feed/,no_200,1
/tag/asian-sex-goddess-hyuna-4-lyf,no_200,3
/tag/bandcamp/feed/,no_200,1
/tag/blissed-out/feed/,no_200,1
/tag/brenmar/feed/,no_200,1
/tag/butterclock,no_200,1
/tag/casino-metropolitano,no_200,3
/tag/claire-boucher,no_200,1
/tag/colombia/feed/,no_200,1
/tag/concierto/feed/,no_200,1
/tag/crackboy/feed/,no_200,1
/tag/dani-shivers,no_200,1
/tag/deon/feed/,no_200,1
/tag/dis-magazine/feed/,no_200,1
/tag/disco-gratis/feed/,no_200,1
/tag/dj-maquina-de-muerte/feed/,no_200,1
/tag/dj-smurphy/feed/,no_200,1
/tag/download/feed/,no_200,1
/tag/drugs-for-drunks/feed/,no_200,1
/tag/entrevista/feed/,no_200,1
/tag/fiesta/feed/,no_200,1
/tag/fostearcare/feed/,no_200,1
/tag/fostercare,no_200,1
/tag/fostercare/feed/,no_200,1
/tag/gatekeeper,no_200,1
/tag/gatekeeper/feed/,no_200,1
/tag/gesaffelstein/feed/,no_200,1
/tag/glass-popcorn/feed/,no_200,1
/tag/gratis/feed/,no_200,1
/tag/grimes,no_200,1
/tag/grimes/feed/,no_200,1
/tag/health/feed/,no_200,1
/tag/hippos-in-tanks/feed/,no_200,1
/tag/house-of-drama,no_200,1
/tag/how-to-dress-well/feed/,no_200,1
/tag/humanoid-mutations,no_200,1
/tag/indian-jewelry,no_200,1
/tag/janet-jackson,no_200,1
/tag/la-minitk-del-miedo,no_200,1
/tag/la-minitk-del-miedo/feed/,no_200,1
/tag/light-asylum/feed/,no_200,1
/tag/lil-internet/feed/,no_200,1
/tag/maligna/feed/,no_200,1
/tag/mexico/feed/,no_200,1
/tag/minneapolis/feed/,no_200,1
/tag/mishka/feed/,no_200,1
/tag/mix/feed/,no_200,1
/tag/mixtape/feed/,no_200,1
/tag/mp3/feed/,no_200,1
/tag/mykki-blanco/feed/,no_200,1
/tag/naka-naka,no_200,1
/tag/naka-naka/feed/,no_200,1
/tag/negative-youth/feed/,no_200,1
/tag/nine-inch-nails,no_200,3
/tag/paris/feed/,no_200,1
/tag/physical-therapy/feed/,no_200,1
/tag/pictureplane/feed/,no_200,1
/tag/puro-instinct,no_200,3
/tag/puro-instinct/feed/,no_200,1
/tag/remix/feed/,no_200,1
/tag/resena/feed/,no_200,1
/tag/reverberation-appreciation-society,no_200,1
/tag/rikslyd,no_200,1
/tag/ritualz/feed/,no_200,1
/tag/rusia,no_200,2
/tag/rusia/feed/,no_200,1
/tag/ryder-ripps/feed/,no_200,1
/tag/salem/feed/,no_200,1
/tag/sanfuentes-records/feed/,no_200,1
/tag/selma-oxor/feed/,no_200,1
/tag/stream/feed/,no_200,1
/tag/supermad,no_200,2
/tag/teehn-bwitches/feed/,no_200,1
/tag/tri-angle/feed/,no_200,1
/tag/true-parameters/feed/,no_200,1
/tag/twin-gemz/feed/,no_200,1
/tag/uforia/feed/,no_200,1
/tag/unicorn-kid/feed/,no_200,1
/tag/unison,no_200,2
/tag/vegan-cannibal/feed/,no_200,1
/tag/video/feed/,no_200,1
/tag/white-ring,no_200,3
/tag/white-ring/feed/,no_200,1
/tag/xwxwxwxwv,no_200,1
/tag/yen-tech/feed/,no_200,1
/tagged/gatekeeper,no_200,1
/tamara-sky-lil-death,no_200,1
/telepathe-throw-away-this,no_200,2
/tweets.js,no_200,1
/twin-gemz,no_200,1
/unicorn-slut,no_200,1
/unison-blood-blood-blood,no_200,2
/vally-girl-4g,no_200,1
/vally-girl-4g/trackback/,no_200,1
/video-sleep-%E2%88%9E-over-casual-diamond,no_200,1
/wavves-mutant,no_200,1
/wp-admin/,parked_era_only,1
/wp-comments-post.php,no_200,2
/wp-content/plugins/download-monitor/page-addon/styles.css,parked_era_only,1
/wp-content/plugins/jetpack/modules/widgets/widgets.css,parked_era_only,1
/wp-content/plugins/jetpack/modules/widgets/widgets.css?ver=20120924,parked_era_only,1
/wp-content/plugins/jquery-archive-list-widget/jal.js,parked_era_only,1
/wp-content/plugins/really-simple-facebook-twitter-share-buttons/style.css,parked_era_only,1
/wp-content/themes/sandbox/3c-b.css,parked_era_only,1
/wp-content/themes/sandbox/backgrounds/rotate.php,no_200,1
/wp-content/uploads/2011/10/fATIMA%20ALQADIRI%20HOMEPAGE%20ARTICLE2-200x200.jpg,no_200,2
/wp-content/uploads/2011/10/sophia-200x200.png,parked_era_only,1
/wp-includes/,parked_era_only,1
/wp-includes/js/jquery/jquery.js,parked_era_only,1
/wp-includes/js/l10n.js?ver=20101110,parked_era_only,1
/www.yentech.net,no_200,1
/yung-jake,no_200,4
/yungrapunxel,no_200,2
