path,kind,outcome,bytes,timestamp,mimetype
/wp-content/uploads/2010/12/cce-200x200.jpg,image,failed,0,20140109190922,image/jpeg
/wp-content/uploads/2011/01/negative-youth-4-200x200.jpg,image,failed,0,20140109182520,image/jpeg
/wp-content/uploads/2011/02/dumdum-200x200.jpg,image,failed,0,20140109190925,image/jpeg
/wp-content/uploads/2011/04/5386216546_84442e1782_b1-150x150.jpg,image,failed,0,20140109191257,image/jpeg
/wp-content/uploads/2011/04/ppmixpmx-150x150.jpg,image,failed,0,20140109182516,image/jpeg
/wp-content/uploads/2011/06/Blonde+Salem.jpg,image,failed,0,20140109203807,image/jpeg
/wp-content/uploads/2011/06/event-150x150.jpg,image,failed,0,20140109191005,image/jpeg
/wp-content/uploads/2011/06/kidcity-150x150.jpg,image,failed,0,20140109192908,image/jpeg
/wp-content/uploads/2011/07/artworks-000007634829-5nl2sq-original1-200x200.jpg,image,failed,0,20140109182524,image/jpeg
/wp-content/uploads/2011/08/270954_175258772533731_144703902255885_432519_5363668_n-200x200.jpg,image,failed,0,20140109183100,image/jpeg
/wp-content/uploads/2011/09/autom.jpg,image,failed,0,20140109202805,image/jpeg
/wp-content/uploads/2011/10/htrk-200x200.png,image,failed,0,20140109193853,image/png
/wp-content/uploads/2011/11/RS5x.jpg,image,failed,0,20140109201119,image/jpeg
/wp-content/uploads/2011/11/YOUNGMAGIC-200x200.jpg,image,failed,0,20140109182553,image/jpeg
/wp-content/uploads/2011/11/skrinshot-200x200.png,image,failed,0,20140109182550,image/png
/wp-content/uploads/2011/12/Untitled-1-200x200.jpg,image,failed,0,20140109193358,image/jpeg
/wp-content/uploads/2011/12/arnold-200x200.png,image,failed,0,20140109182828,image/png
/wp-content/uploads/2012/01/ny2012-700px-200x200.jpg,image,failed,0,20140109185412,image/jpeg
/wp-content/uploads/2012/02/alexico_elnombredelperro-200x200.png,image,failed,0,20140109183445,image/png
/wp-content/uploads/2012/02/nrmal-200x200.jpg,image,failed,0,20140109192941,image/jpeg
/wp-content/uploads/2012/03/men-in-burka-200x200.jpg,image,failed,0,20140109191002,image/jpeg
/wp-content/uploads/2012/04/powwoww-200x200.jpg,image,failed,0,20140109190928,image/jpeg
/wp-content/uploads/2012/04/rlgrime.jpg,image,failed,0,20140109182346,image/jpeg
/wp-content/uploads/2012/05/LD_V_2-200x200.jpg,image,failed,0,20140109190939,image/jpeg
/wp-content/uploads/2012/05/Spaceghostpurrp-608x3651-200x200.jpg,image,failed,0,20140109195345,image/jpeg
/wp-content/uploads/2012/05/ritualz_alien-200x200.jpg,image,failed,0,20140109182513,image/jpeg
/wp-content/uploads/2012/06/earthqake-200x200.png,image,failed,0,20140109190950,image/png
/wp-content/uploads/2012/06/haleek-200x200.jpg,image,failed,0,20140109192345,image/jpeg
/wp-content/uploads/2012/06/swt5-200x200.png,image,failed,0,20140109202809,image/png
/wp-content/uploads/2012/07/artworks-000026381381-17nsbd-original.png,image,failed,0,20140109202408,image/png
/wp-content/uploads/2012/08/borntosuffer-200x200.jpg,image,failed,0,20140109194136,image/jpeg
/wp-content/uploads/2012/08/goin-hamburger-200x200.png,image,failed,0,20140109184716,image/png
/wp-content/uploads/2012/09/famlay_lilinternet.jpg,image,failed,0,20140109191008,image/jpeg
/wp-content/uploads/2012/09/mexico_occultdanse.jpg,image,failed,0,20140109194538,image/jpeg
/wp-content/uploads/2012/09/user69.jpg,image,failed,0,20140109183244,image/jpeg
/wp-content/uploads/2012/10/BON.jpg,image,failed,0,20140109193350,image/jpeg
/wp-content/uploads/2012/10/Screen-Shot-2012-10-18-at-12.48.37-PM.png,image,failed,0,20140109182150,image/png
/wp-content/uploads/2012/11/INDIAN-JEWELRY-PEEL-IT-cover-200x200.jpeg,image,failed,0,20140109182214,image/jpeg
/wp-content/uploads/2012/11/artworks-000034282831-6kbql0-original-700x960.jpg,image,failed,0,20140109183448,image/jpeg
/wp-content/uploads/2012/11/bestial-mouths-200x200.png,image,failed,0,20140109182338,image/png
/wp-content/uploads/2012/12/mr-kitty-200x200.jpg,image,failed,0,20140109192433,image/jpeg
/wp-content/uploads/2012/12/rihanna.jpg,image,failed,0,20140109203413,image/jpeg
/wp-content/uploads/2013/01/ryder2-copy.jpg,image,failed,0,20140109191012,image/jpeg
/wp-content/uploads/2013/02/2533619025-11-200x200.jpg,image,failed,0,20140109183950,image/jpeg
/wp-content/uploads/2013/02/Screen-Shot-2013-02-20-at-4.39.32-PM-200x200.png,image,failed,0,20140109193346,image/png
/wp-content/uploads/2013/06/Captura-de-pantalla-2013-06-18-a-las-11.09.25-200x200.png,image,failed,0,20140109191111,image/png
/wp-content/plugins/jquery-archive-list-widget/jquery-archive-list.js.php,other_asset,failed,0,20110823024358,text/html
/_host/www.negativeyouth.net/robots.txt,exclude,fetched,59,20140601065919,text/plain
/actually-huizenga-live-softrock-1-3/feed/,feed,failed,0,20140109184728,text/xml
/all-your-gifs-are-belong-to-us/feed/,feed,failed,0,20140109184156,text/xml
/bb-pinkblue/feed/,feed,failed,0,20140109202604,text/xml
/dont/feed/,feed,failed,0,20140109190931,text/xml
/evian-christ-no-experiences/feed/,feed,failed,0,20140109184719,text/xml
/ez-does-it/feed/,feed,failed,0,20140109192249,text/xml
/gauntlet-hair-top-bunk/feed/,feed,failed,0,20140109203338,text/xml
/holy-other-love-some1-teengirl-fantasy-remix-featuring-kelela/feed/,feed,failed,0,20140109191252,text/xml
/icepunk-2-compilation/feed/,feed,failed,0,20140109204126,text/xml
/julia-holter-nite-jewel-what-we-see/feed/,feed,failed,0,20140109194035,text/xml
/king-night-rotterdam-terror-corps-remix/feed/,feed,failed,0,20140109190918,text/xml
/lost-in-my-bedroom/feed/,feed,failed,0,20140109191023,text/xml
/mr-kitty-evaporating-sun/feed/,feed,failed,0,20140109202053,text/xml
/narcissistic-cannibal-ritualz-remix/feed/,feed,failed,0,20140109193354,text/xml
/opening-botiquin-by-petit-pistolette/feed/,feed,failed,0,20140109202747,text/xml
/ritualz-alien/feed/,feed,failed,0,20140109191019,text/xml
/selma-oxor-lo-que-quiero-video/feed/,feed,failed,0,20140109190947,text/xml
/sky-ferreira-red-lips/feed/,feed,failed,0,20140109201642,text/xml
/soft/feed/,feed,failed,0,20140109191015,text/xml
/sorry-hun/feed/,feed,failed,0,20140109192904,text/xml
/spoek-mathambo-control-2/feed/,feed,failed,0,20140109201115,text/xml
/strain/feed/,feed,failed,0,20140109192338,text/xml
/tag/crackboy/,tag,failed,0,20131126094949,text/html
/tag/true-parameters/,tag,failed,0,20131126094904,text/html
/tell-me/feed/,feed,failed,0,20140109182950,text/xml
/unicorn-kid/feed/,feed,failed,0,20140109190954,text/xml
/volume-control/feed/,feed,failed,0,20140109192843,text/xml
/weekend-update/feed/,feed,failed,0,20140109182153,text/xml
/xmlrpc.php,feed,fetched,42,20110823024301,text/xml
/zonora-point-douster-2/feed/,feed,failed,0,20140109195103,text/xml
