path,archived
/2010/10/page/2/,NO
/2010/11/page/2/,NO
/2010/12/page/2/,NO
/2010/page/2/,NO
/2011/01/page/2/,NO
/2011/02/page/2/,NO
/2011/03/page/2/,NO
/2011/04/page/2/,NO
/2011/05/page/2/,NO
/2011/06/page/2/,NO
/2011/07/page/2/,NO
/2011/08/page/2/,NO
/2011/09/page/2/,NO
/2011/10/page/2/,NO
/2011/11/page/2/,NO
/2011/12/page/2/,NO
/2011/page/2/,NO
/2012/01/page/2/,NO
/2012/02/page/2/,NO
/2012/03/page/2/,NO
/2012/04/page/2/,NO
/2012/05/page/2/,NO
/2012/06/page/2/,NO
/2012/07/page/2/,NO
/2012/08/page/2/,NO
/2012/09/page/2/,NO
/2012/10/page/2/,NO
/2012/11/page/2/,NO
/2012/12/page/2/,NO
/2012/page/2/,NO
/2013/01/page/2/,NO
/2013/02/page/2/,NO
/2013/03/page/2/,NO
/2013/04/page/2/,NO
/2013/05/page/2/,NO
/2013/06/page/2/,NO
/2013/page/2/,NO
